S:BB3_FIX:2.0BLUE-GREEN-GOLD.data,31
S:BB3_FIX:2.0BLUE-ZF-GE20.data,31
S:BB3_FIX:2.0GBL-GBM-GBX.data,20
S:BB3_FIX:2.0GBL-GBS-GBX.data,30
S:BB3_FIX:2.0GBM-GBS-GBL.data,40
S:BB3_FIX:2.0GE12-RED-US10Y.data,46
S:BB3_FIX:2.0GE14-ZF-US10Y.data,46
S:BB3_FIX:2.0GE16-US5Y-GE19.data,46
S:BB3_FIX:2.0TN-ZN-ZB.data,31
S:BB3_FIX:2.0UB-ZB-US30Y.data,21
S:BB3_FIX:2.0US10Y-US5Y-ZB.data,31
S:BB3_FIX:2.0US10Y-US7Y-ZB.data,31
S:BB3_FIX:2.0US10Y-ZN-ZB.data,31
S:BB3_FIX:2.0US3Y-US2Y-ZF.data,51
S:BB3_FIX:2.0US3Y-ZT-ZF.data,51
S:BB3_FIX:2.0US5Y-RED-GE18.data,38
S:BB3_FIX:2.0US5Y-RED-GOLD.data,38
S:BB3_FIX:2.0US5Y-US3Y-GE18.data,38
S:BB3_FIX:2.0US5Y-US3Y-GOLD.data,38
S:BB3_FIX:2.0US5Y-ZF-GE15.data,38
S:BB3_FIX:2.0US5Y-ZF-ZN.data,38
S:BB3_FIX:2.0US7Y-GE11-ZB.data,38
S:BB3_FIX:2.0ZB-US10Y-UB.data,26
S:BB3_FIX:2.0ZB-US10Y-US30Y.data,26
S:BB3_FIX:2.0ZB-ZN-UB.data,26
S:BB3_FIX:2.0ZF-RED-GOLD.data,36
S:BB3_FIX:2.0ZF-US2Y-ZN.data,36
S:BB3_FIX:2.0ZF-ZT-GE19.data,36
S:BB3_FIX:2.0ZF-ZT-GOLD.data,36
S:BB3_FIX:2.0ZF-ZT-ZN.data,36
S:BB3_FIX:2.0ZN-US5Y-GE19.data,28
S:BB3_FIX:2.0ZN-US5Y-US10Y.data,28
S:BB3_FIX:2.0ZN-US5Y-ZB.data,28
S:BB3_FIX:2.0ZN-ZF-ZB.data,28
S:BB3_FIX:2.0ZN-ZT-TN.data,28
S:BB3_FIX:2.0ZN-ZT-ZB.data,28
S:BB3_FIX:2YR_BUNDLE-US2Y.data,33
S:BB3_FIX:2YR_BUNDLE-ZT.data,33
S:BB3_FIX:3.0US10Y-2.0ZN-ZB.data,46
S:BB3_FIX:3YR_BUNDLE-US3Y.data,33
S:BB3_FIX:3YR_BUNDLE-ZF.data,33
S:BB3_FIX:4YR_BUNDLE-US3Y.data,25
S:BB3_FIX:4YR_BUNDLE-US5Y.data,20
S:BB3_FIX:4YR_BUNDLE-ZF.data,16
S:BB3_FIX:5YR_BUNDLE-US5Y.data,16
S:BB3_FIX:5YR_BUNDLE-US7Y.data,16
S:BB3_FIX:5YR_BUNDLE-ZF.data,16
S:BB3_FIX:5YR_BUNDLE-ZN.data,16
S:BB3_FIX:BLUE-0.3ZF-0.7ZN.data,16
S:BB3_FIX:BLUE-0.5ZF-0.5ZN.data,16
S:BB3_FIX:BLUE-2.0ZF+ZN.data,16
S:BB3_FIX:BLUE-2.0ZN+ZB.data,16
S:BB3_FIX:BLUE-TN-GOLD+ZB.data,16
S:BB3_FIX:BLUE-TN.data,25
S:BB3_FIX:BLUE-UB.data,16
S:BB3_FIX:BLUE-US10Y.data,16
S:BB3_FIX:BLUE-US30Y.data,16
S:BB3_FIX:BLUE-US5Y-GOLD+US10Y.data,16
S:BB3_FIX:BLUE-US5Y-GOLD+ZN.data,16
S:BB3_FIX:BLUE-US5Y.data,16
S:BB3_FIX:BLUE-US7Y-GOLD+US10Y.data,16
S:BB3_FIX:BLUE-US7Y-GOLD+ZN.data,16
S:BB3_FIX:BLUE-US7Y.data,16
S:BB3_FIX:BLUE-ZB.data,16
S:BB3_FIX:BLUE-ZF-0.1ES.data,16
S:BB3_FIX:BLUE-ZF-1.5GOLD+1.5ZN.data,16
S:BB3_FIX:BLUE-ZF-GOLD+ZB.data,16
S:BB3_FIX:BLUE-ZF-GOLD+ZN.data,16
S:BB3_FIX:BLUE-ZF-PURPLE+UB.data,16
S:BB3_FIX:BLUE-ZF-PURPLE+ZB.data,16
S:BB3_FIX:BLUE-ZF-PURPLE+ZN.data,16
S:BB3_FIX:BLUE-ZF.data,16
S:BB3_FIX:BLUE-ZN-GOLD+US10Y.data,16
S:BB3_FIX:BLUE-ZN-GOLD+ZB.data,16
S:BB3_FIX:BLUE-ZN-PURPLE+UB.data,16
S:BB3_FIX:BLUE-ZN-PURPLE+ZB.data,16
S:BB3_FIX:BLUE-ZN.data,25
S:BB3_FIX:BS4-YS.data,75
S:BB3_FIX:BS5-YS.data,75
S:BB3_FIX:BS6-YS.data,75
S:BB3_FIX:BS7-YS.data,75
S:BB3_FIX:BS8-YS.data,75
S:BB3_FIX:BS9-YS.data,75
S:BB3_FIX:G-R.data,40
S:BB3_FIX:GBL-GBM.data,20
S:BB3_FIX:GBL-GBS.data,20
S:BB3_FIX:GBL-GBX.data,6
S:BB3_FIX:GBM-GBL.data,11
S:BB3_FIX:GBM-GBS.data,16
S:BB3_FIX:GBM-GBX.data,11
S:BB3_FIX:GBS-0.5U4-0.5GBM.data,46
S:BB3_FIX:GBS-3.0GBM+3.0GBL-GBX.data,46
S:BB3_FIX:GBS-BTS.data,46
S:BB3_FIX:GBS-GBL.data,23
S:BB3_FIX:GBS-GBM-GBL+GBX.data,46
S:BB3_FIX:GBS-GBM.data,26
S:BB3_FIX:GBS-GBX.data,23
S:BB3_FIX:GBX-GBL.data,11
S:BB3_FIX:GBX-GBM.data,11
S:BB3_FIX:GBX-GBS.data,11
S:BB3_FIX:GE10-2.0ZF+ZN.data,23
S:BB3_FIX:GE10-2.0ZN+ZB.data,23
S:BB3_FIX:GE10-US3Y.data,30
S:BB3_FIX:GE10-US5Y.data,25
S:BB3_FIX:GE10-ZF-GE14+ZN.data,23
S:BB3_FIX:GE10-ZF-GE19+ZB.data,23
S:BB3_FIX:GE10-ZF.data,23
S:BB3_FIX:GE10-ZN-GE18+ZB.data,23
S:BB3_FIX:GE10-ZT.data,23
S:BB3_FIX:GE11-2.0ZF+ZN.data,23
S:BB3_FIX:GE11-2.0ZN+ZB.data,23
S:BB3_FIX:GE11-L11.data,23
S:BB3_FIX:GE11-US3Y.data,30
S:BB3_FIX:GE11-US5Y.data,25
S:BB3_FIX:GE11-ZF-GE15+ZN.data,25
S:BB3_FIX:GE11-ZF-GE16+ZN.data,25
S:BB3_FIX:GE11-ZF-GE17+ZN.data,25
S:BB3_FIX:GE11-ZF-GE18+ZN.data,25
S:BB3_FIX:GE11-ZF-GE19+ZB.data,25
S:BB3_FIX:GE11-ZF-GE19+ZN.data,25
S:BB3_FIX:GE11-ZF-GE20+ZB.data,25
S:BB3_FIX:GE11-ZF-GE23+UB.data,25
S:BB3_FIX:GE11-ZF.data,25
S:BB3_FIX:GE11-ZT.data,25
S:BB3_FIX:GE12-2.0ZF+ZN.data,23
S:BB3_FIX:GE12-L12.data,23
S:BB3_FIX:GE12-UB.data,23
S:BB3_FIX:GE12-US3Y.data,23
S:BB3_FIX:GE12-US5Y.data,23
S:BB3_FIX:GE12-US7Y.data,23
S:BB3_FIX:GE12-ZB.data,23
S:BB3_FIX:GE12-ZF-GE16+ZN.data,23
S:BB3_FIX:GE12-ZF-GE17+ZN.data,23
S:BB3_FIX:GE12-ZF-GE18+ZN.data,23
S:BB3_FIX:GE12-ZF-GE19+ZB.data,23
S:BB3_FIX:GE12-ZF-GE19+ZN.data,23
S:BB3_FIX:GE12-ZF-GE20+ZB.data,23
S:BB3_FIX:GE12-ZF-GE24+UB.data,23
S:BB3_FIX:GE12-ZF.data,23
S:BB3_FIX:GE12-ZN.data,23
S:BB3_FIX:GE13-2.0ZN+ZB.data,23
S:BB3_FIX:GE13-L13.data,23
S:BB3_FIX:GE13-US3Y.data,23
S:BB3_FIX:GE13-US5Y.data,23
S:BB3_FIX:GE13-US7Y.data,23
S:BB3_FIX:GE13-ZF-GE16+ZN.data,23
S:BB3_FIX:GE13-ZF-GE17+ZN.data,23
S:BB3_FIX:GE13-ZF-GE18+ZN.data,23
S:BB3_FIX:GE13-ZF-GE19+ZB.data,23
S:BB3_FIX:GE13-ZF-GE19+ZN.data,23
S:BB3_FIX:GE13-ZF-GE20+ZB.data,23
S:BB3_FIX:GE13-ZF.data,23
S:BB3_FIX:GE13-ZN.data,23
S:BB3_FIX:GE14-L14.data,26
S:BB3_FIX:GE14-US5Y.data,26
S:BB3_FIX:GE14-US7Y.data,26
S:BB3_FIX:GE14-ZF-GE18+ZB.data,26
S:BB3_FIX:GE14-ZF.data,26
S:BB3_FIX:GE14-ZN-GE18+ZB.data,26
S:BB3_FIX:GE14-ZN.data,26
S:BB3_FIX:GE15-L15.data,26
S:BB3_FIX:GE15-TN.data,26
S:BB3_FIX:GE15-US10Y.data,26
S:BB3_FIX:GE15-US5Y.data,26
S:BB3_FIX:GE15-US7Y.data,26
S:BB3_FIX:GE15-ZF.data,26
S:BB3_FIX:GE15-ZN-GE19+ZB.data,26
S:BB3_FIX:GE15-ZN.data,26
S:BB3_FIX:GE16-L16.data,28
S:BB3_FIX:GE16-TN.data,28
S:BB3_FIX:GE16-UB.data,28
S:BB3_FIX:GE16-US10Y.data,28
S:BB3_FIX:GE16-US5Y.data,28
S:BB3_FIX:GE16-US7Y.data,28
S:BB3_FIX:GE16-ZB.data,28
S:BB3_FIX:GE16-ZF.data,28
S:BB3_FIX:GE16-ZN-GE20+ZB.data,28
S:BB3_FIX:GE16-ZN.data,28
S:BB3_FIX:GE17-TN.data,28
S:BB3_FIX:GE17-US10Y.data,28
S:BB3_FIX:GE17-US5Y.data,28
S:BB3_FIX:GE17-US7Y.data,28
S:BB3_FIX:GE17-ZB.data,28
S:BB3_FIX:GE17-ZF.data,28
S:BB3_FIX:GE17-ZN-GE21+ZB.data,28
S:BB3_FIX:GE17-ZN.data,28
S:BB3_FIX:GE18-TN.data,31
S:BB3_FIX:GE18-US10Y.data,31
S:BB3_FIX:GE18-ZB.data,31
S:BB3_FIX:GE18-ZN.data,31
S:BB3_FIX:GE19-TN.data,31
S:BB3_FIX:GE19-US10Y.data,31
S:BB3_FIX:GE19-ZB.data,31
S:BB3_FIX:GE19-ZN.data,31
S:BB3_FIX:GE2-US2Y.data,31
S:BB3_FIX:GE20-UB.data,31
S:BB3_FIX:GE20-US10Y.data,31
S:BB3_FIX:GE20-US30Y.data,31
S:BB3_FIX:GE20-ZB.data,31
S:BB3_FIX:GE20-ZF.data,31
S:BB3_FIX:GE20-ZN.data,31
S:BB3_FIX:GE21-UB.data,31
S:BB3_FIX:GE21-US10Y.data,31
S:BB3_FIX:GE21-US30Y.data,31
S:BB3_FIX:GE21-ZB.data,31
S:BB3_FIX:GE22-UB.data,31
S:BB3_FIX:GE22-US30Y.data,31
S:BB3_FIX:GE22-ZB.data,31
S:BB3_FIX:GE23-UB.data,31
S:BB3_FIX:GE23-US30Y.data,31
S:BB3_FIX:GE23-ZB.data,31
S:BB3_FIX:GE24-UB.data,31
S:BB3_FIX:GE24-US30Y.data,31
S:BB3_FIX:GE24-ZB.data,31
S:BB3_FIX:GE24-ZF.data,31
S:BB3_FIX:GE24-ZN.data,31
S:BB3_FIX:GE3-US2Y.data,46
S:BB3_FIX:GE3-ZT.data,46
S:BB3_FIX:GE4-US2Y.data,46
S:BB3_FIX:GE4-US3Y.data,46
S:BB3_FIX:GE4-ZT-BLUE+ZF.data,46
S:BB3_FIX:GE4-ZT-BLUE+ZN.data,46
S:BB3_FIX:GE4-ZT-GE8+US3Y.data,46
S:BB3_FIX:GE4-ZT-GREEN+ZF.data,46
S:BB3_FIX:GE4-ZT-PURPLE+ZB.data,46
S:BB3_FIX:GE4-ZT.data,46
S:BB3_FIX:GE5-2.0ZF+ZN.data,41
S:BB3_FIX:GE5-US2Y-GE9+US3Y.data,41
S:BB3_FIX:GE5-US2Y.data,41
S:BB3_FIX:GE5-US3Y.data,41
S:BB3_FIX:GE5-ZT-BLUE+ZN.data,41
S:BB3_FIX:GE5-ZT-GE9+US3Y.data,41
S:BB3_FIX:GE5-ZT-GE9+ZF.data,41
S:BB3_FIX:GE5-ZT-GREEN+ZF.data,41
S:BB3_FIX:GE5-ZT-PURPLE+ZB.data,41
S:BB3_FIX:GE5-ZT.data,41
S:BB3_FIX:GE6-2.0ZF+ZN.data,41
S:BB3_FIX:GE6-US2Y.data,41
S:BB3_FIX:GE6-US3Y.data,41
S:BB3_FIX:GE6-ZF.data,41
S:BB3_FIX:GE6-ZT-GE10+ZF.data,41
S:BB3_FIX:GE6-ZT-GE14+ZN.data,41
S:BB3_FIX:GE6-ZT.data,41
S:BB3_FIX:GE7-2.0ZF+ZN.data,41
S:BB3_FIX:GE7-US2Y.data,41
S:BB3_FIX:GE7-US3Y.data,41
S:BB3_FIX:GE7-ZF.data,41
S:BB3_FIX:GE7-ZT-GE11+ZF.data,41
S:BB3_FIX:GE7-ZT-GE15+ZN.data,41
S:BB3_FIX:GE7-ZT.data,41
S:BB3_FIX:GE8-2.0ZF+ZN.data,41
S:BB3_FIX:GE8-UB.data,41
S:BB3_FIX:GE8-US2Y.data,41
S:BB3_FIX:GE8-US3Y-GOLD+US10Y.data,41
S:BB3_FIX:GE8-US3Y.data,41
S:BB3_FIX:GE8-ZB.data,41
S:BB3_FIX:GE8-ZF.data,41
S:BB3_FIX:GE8-ZN.data,41
S:BB3_FIX:GE8-ZT-GE12+ZF.data,41
S:BB3_FIX:GE8-ZT-GE16+ZN.data,41
S:BB3_FIX:GE8-ZT.data,41
S:BB3_FIX:GE9-2.0ZF+ZN.data,31
S:BB3_FIX:GE9-US2Y.data,31
S:BB3_FIX:GE9-US3Y-GOLD+US10Y.data,31
S:BB3_FIX:GE9-US3Y.data,31
S:BB3_FIX:GE9-US5Y.data,31
S:BB3_FIX:GE9-ZF-GE13+ZN.data,31
S:BB3_FIX:GE9-ZF.data,31
S:BB3_FIX:GE9-ZT-GE13+ZF.data,31
S:BB3_FIX:GE9-ZT-GE17+ZN.data,31
S:BB3_FIX:GE9-ZT.data,31
S:BB3_FIX:GOLD-0.5ZN-0.5ZB.data,16
S:BB3_FIX:GOLD-2.0ZB+UB.data,16
S:BB3_FIX:GOLD-2.0ZB+ZF.data,16
S:BB3_FIX:GOLD-2.0ZN+ZB.data,16
S:BB3_FIX:GOLD-TN.data,16
S:BB3_FIX:GOLD-UB.data,16
S:BB3_FIX:GOLD-US10Y-PURPLE+UB.data,16
S:BB3_FIX:GOLD-US10Y-PURPLE+ZB.data,16
S:BB3_FIX:GOLD-US10Y.data,16
S:BB3_FIX:GOLD-US30Y.data,16
S:BB3_FIX:GOLD-US5Y.data,16
S:BB3_FIX:GOLD-US7Y.data,16
S:BB3_FIX:GOLD-ZB-PURPLE+UB.data,16
S:BB3_FIX:GOLD-ZB.data,25
S:BB3_FIX:GOLD-ZF-PURPLE+UB.data,16
S:BB3_FIX:GOLD-ZF-PURPLE+ZB.data,16
S:BB3_FIX:GOLD-ZF-PURPLE+ZN.data,16
S:BB3_FIX:GOLD-ZF.data,16
S:BB3_FIX:GOLD-ZN-PURPLE+UB.data,16
S:BB3_FIX:GOLD-ZN-PURPLE+ZB.data,16
S:BB3_FIX:GOLD-ZN.data,16
S:BB3_FIX:GREEN-2.0ZF+ZN.data,16
S:BB3_FIX:GREEN-UB.data,16
S:BB3_FIX:GREEN-US2Y.data,16
S:BB3_FIX:GREEN-US3Y-BLUE+US5Y.data,16
S:BB3_FIX:GREEN-US3Y.data,16
S:BB3_FIX:GREEN-US5Y.data,16
S:BB3_FIX:GREEN-ZB.data,16
S:BB3_FIX:GREEN-ZF-BLUE+TN.data,16
S:BB3_FIX:GREEN-ZF-BLUE+ZB.data,16
S:BB3_FIX:GREEN-ZF-BLUE+ZN.data,16
S:BB3_FIX:GREEN-ZF-GOLD+UB.data,16
S:BB3_FIX:GREEN-ZF-GOLD+US10Y.data,16
S:BB3_FIX:GREEN-ZF-GOLD+ZB.data,16
S:BB3_FIX:GREEN-ZF-GOLD+ZN.data,16
S:BB3_FIX:GREEN-ZF-PURPLE+UB.data,16
S:BB3_FIX:GREEN-ZF-PURPLE+ZB.data,16
S:BB3_FIX:GREEN-ZF-PURPLE+ZN.data,16
S:BB3_FIX:GREEN-ZF.data,20
S:BB3_FIX:GREEN-ZN-GOLD+ZB.data,16
S:BB3_FIX:GREEN-ZN-PURPLE+UB.data,16
S:BB3_FIX:GREEN-ZN-PURPLE+ZB.data,16
S:BB3_FIX:GREEN-ZN.data,16
S:BB3_FIX:GREEN-ZT.data,16
S:BB3_FIX:L10-G.data,38
S:BB3_FIX:L10-GBL.data,38
S:BB3_FIX:L10-L14+DIFF.data,38
S:BB3_FIX:L10-R.data,38
S:BB3_FIX:L10-ZN.data,38
S:BB3_FIX:L11-G.data,36
S:BB3_FIX:L11-GBL.data,36
S:BB3_FIX:L11-L15+DIFF.data,36
S:BB3_FIX:L11-R.data,36
S:BB3_FIX:L11-ZN.data,36
S:BB3_FIX:L12-G.data,36
S:BB3_FIX:L12-GBL.data,36
S:BB3_FIX:L12-R.data,36
S:BB3_FIX:L12-ZN.data,36
S:BB3_FIX:L13-GBL.data,36
S:BB3_FIX:L13-R.data,36
S:BB3_FIX:L14-GBL.data,36
S:BB3_FIX:L14-R.data,32
S:BB3_FIX:L15-GBL.data,32
S:BB3_FIX:L15-R.data,32
S:BB3_FIX:L16-GBL.data,32
S:BB3_FIX:L16-R.data,32
S:BB3_FIX:L3-G.data,60
S:BB3_FIX:L4-G.data,60
S:BB3_FIX:L4-L8+DIFF.data,60
S:BB3_FIX:L5-G.data,60
S:BB3_FIX:L5-L9+DIFF.data,60
S:BB3_FIX:L6-G.data,60
S:BB3_FIX:L6-L10+DIFF.data,60
S:BB3_FIX:L6-L8+DIFF.data,60
S:BB3_FIX:L7-G.data,60
S:BB3_FIX:L7-L11+DIFF.data,60
S:BB3_FIX:L7-R.data,60
S:BB3_FIX:L8-G.data,60
S:BB3_FIX:L8-L12+DIFF.data,60
S:BB3_FIX:L8-R.data,60
S:BB3_FIX:L9-G.data,60
S:BB3_FIX:L9-GBL.data,60
S:BB3_FIX:L9-L13+DIFF.data,60
S:BB3_FIX:L9-R.data,60
S:BB3_FIX:L9-ZN.data,60
S:BB3_FIX:LBLUE-R.data,20
S:BB3_FIX:LGREEN-R.data,20
S:BB3_FIX:RED-2.0GE11+US10Y.data,31
S:BB3_FIX:RED-2.0ZT+ZF.data,31
S:BB3_FIX:RED-BLUE+0.1R.data,31
S:BB3_FIX:RED-BLUE.data,31
S:BB3_FIX:RED-UB.data,31
S:BB3_FIX:RED-US2Y-GOLD+ZN.data,31
S:BB3_FIX:RED-US2Y.data,31
S:BB3_FIX:RED-US3Y-BLUE+US5Y.data,31
S:BB3_FIX:RED-US3Y-BLUE+ZF.data,31
S:BB3_FIX:RED-US3Y-GREEN+ZF.data,31
S:BB3_FIX:RED-US3Y.data,31
S:BB3_FIX:RED-US5Y.data,31
S:BB3_FIX:RED-ZB.data,31
S:BB3_FIX:RED-ZF-BLUE+ZN.data,31
S:BB3_FIX:RED-ZF-GOLD+US10Y.data,31
S:BB3_FIX:RED-ZF-GOLD+ZB.data,31
S:BB3_FIX:RED-ZF-GOLD+ZN.data,31
S:BB3_FIX:RED-ZF-GREEN+ZN.data,31
S:BB3_FIX:RED-ZF-PURPLE+ZB.data,31
S:BB3_FIX:RED-ZF.data,31
S:BB3_FIX:RED-ZN.data,31
S:BB3_FIX:RED-ZT-BLUE+ZF.data,31
S:BB3_FIX:RED-ZT-BLUE+ZN.data,31
S:BB3_FIX:RED-ZT-GE9+ZF.data,31
S:BB3_FIX:RED-ZT-GOLD+US10Y.data,31
S:BB3_FIX:RED-ZT-GOLD+ZB.data,31
S:BB3_FIX:RED-ZT-GOLD+ZF.data,31
S:BB3_FIX:RED-ZT-GOLD+ZN.data,31
S:BB3_FIX:RED-ZT-GREEN+US3Y.data,31
S:BB3_FIX:RED-ZT-GREEN+ZF.data,31
S:BB3_FIX:RED-ZT-PURPLE+UB.data,31
S:BB3_FIX:RED-ZT-PURPLE+ZB.data,31
S:BB3_FIX:RED-ZT-PURPLE+ZN.data,31
S:BB3_FIX:RED-ZT.data,31
S:BB3_FIX:TN-UB.data,20
S:BB3_FIX:TN-US10Y.data,20
S:BB3_FIX:TN-ZB.data,20
S:BB3_FIX:U10-2.0GBL+GBX.data,45
S:BB3_FIX:U10-2.0GBM+GBL.data,43
S:BB3_FIX:U10-2.3GBL+1.3GBX.data,33
S:BB3_FIX:U10-GBL-L10+R.data,33
S:BB3_FIX:U10-GBL.data,33
S:BB3_FIX:U10-GBM-U14+GBL.data,33
S:BB3_FIX:U10-GBM.data,33
S:BB3_FIX:U10-GBS.data,33
S:BB3_FIX:U10-U14+DIFF.data,33
S:BB3_FIX:U11-2.0GBL+GBX.data,45
S:BB3_FIX:U11-2.0GBM+GBL.data,43
S:BB3_FIX:U11-2.0GBS+GBM.data,43
S:BB3_FIX:U11-2.3GBL+1.3GX.data,33
S:BB3_FIX:U11-GBL-0.5L11+0.5R.data,33
S:BB3_FIX:U11-GBL-L11+R.data,33
S:BB3_FIX:U11-GBL.data,33
S:BB3_FIX:U11-GBM-U14+GBL.data,33
S:BB3_FIX:U11-GBM.data,33
S:BB3_FIX:U11-GBS.data,33
S:BB3_FIX:U11-GBX.data,33
S:BB3_FIX:U11-R.data,33
S:BB3_FIX:U11-U15+DIFF.data,33
S:BB3_FIX:U12-2.0GBL+GBX.data,45
S:BB3_FIX:U12-2.0GBM+GBL.data,33
S:BB3_FIX:U12-GBL-L12+R.data,33
S:BB3_FIX:U12-GBL.data,33
S:BB3_FIX:U12-GBM.data,33
S:BB3_FIX:U12-GBS.data,33
S:BB3_FIX:U12-GBX.data,33
S:BB3_FIX:U13-2.0GBL+GBX.data,33
S:BB3_FIX:U13-GBL-L11+R.data,33
S:BB3_FIX:U13-GBL-L12+R.data,33
S:BB3_FIX:U13-GBL-L13+R.data,33
S:BB3_FIX:U13-GBL.data,33
S:BB3_FIX:U13-GBM.data,33
S:BB3_FIX:U13-GBS.data,33
S:BB3_FIX:U13-GBX.data,33
S:BB3_FIX:U14-2.0GBL+GBX.data,33
S:BB3_FIX:U14-GBL-L14+R.data,33
S:BB3_FIX:U14-GBL.data,33
S:BB3_FIX:U14-GBM.data,33
S:BB3_FIX:U14-GBS.data,33
S:BB3_FIX:U14-GBX.data,33
S:BB3_FIX:U15-2.0GBL+GBX.data,31
S:BB3_FIX:U15-GBL-L11+R.data,31
S:BB3_FIX:U15-GBL-L12+R.data,31
S:BB3_FIX:U15-GBL-L13+R.data,31
S:BB3_FIX:U15-GBL-L14+R.data,31
S:BB3_FIX:U15-GBL-L15+R.data,31
S:BB3_FIX:U15-GBL.data,31
S:BB3_FIX:U15-GBM.data,31
S:BB3_FIX:U15-GBS.data,31
S:BB3_FIX:U15-GBX.data,31
S:BB3_FIX:U16-2.0GBL+GBX.data,31
S:BB3_FIX:U16-GBL-L11+R.data,31
S:BB3_FIX:U16-GBL-L12+R.data,31
S:BB3_FIX:U16-GBL-L16+R.data,31
S:BB3_FIX:U16-GBL.data,31
S:BB3_FIX:U16-GBM.data,31
S:BB3_FIX:U16-GBS.data,31
S:BB3_FIX:U16-GBX.data,31
S:BB3_FIX:U3-GBS.data,75
S:BB3_FIX:U4-GBS.data,75
S:BB3_FIX:U4-U8+DIFF.data,75
S:BB3_FIX:U5-2.0GBM+GBL.data,75
S:BB3_FIX:U5-2.0GBS+GBM.data,75
S:BB3_FIX:U5-GBL.data,75
S:BB3_FIX:U5-GBM-GBL+GBX.data,75
S:BB3_FIX:U5-GBM-GBS+GBL.data,75
S:BB3_FIX:U5-GBM.data,75
S:BB3_FIX:U5-GBS-U10+GBM.data,75
S:BB3_FIX:U5-GBS-U11+GBL.data,75
S:BB3_FIX:U5-GBS-U12+GBL.data,75
S:BB3_FIX:U5-GBS-U9+GBM.data,75
S:BB3_FIX:U5-GBS.data,75
S:BB3_FIX:U5-U9+DIFF.data,75
S:BB3_FIX:U6-2.0GBM+GBL.data,60
S:BB3_FIX:U6-2.3GBM+1.3GBL.data,60
S:BB3_FIX:U6-GBL.data,60
S:BB3_FIX:U6-GBM-GBL+GBX.data,60
S:BB3_FIX:U6-GBM-GBS+GBL.data,60
S:BB3_FIX:U6-GBM.data,60
S:BB3_FIX:U6-GBS-U10+GBM.data,60
S:BB3_FIX:U6-GBS-U11+GBM.data,60
S:BB3_FIX:U6-GBS-U12+GBL.data,60
S:BB3_FIX:U6-GBS-U12+GBM.data,60
S:BB3_FIX:U6-GBS.data,60
S:BB3_FIX:U6-U10+DIFF.data,60
S:BB3_FIX:U7-2.0GBM+GBL.data,55
S:BB3_FIX:U7-2.0GBS+GBM.data,55
S:BB3_FIX:U7-2.3GBM+1.3GBL.data,55
S:BB3_FIX:U7-GBL.data,55
S:BB3_FIX:U7-GBM-GBL+GBX.data,55
S:BB3_FIX:U7-GBM-U11+GBL.data,55
S:BB3_FIX:U7-GBM-U13+GBL.data,55
S:BB3_FIX:U7-GBM-U14+GBL.data,55
S:BB3_FIX:U7-GBM.data,55
S:BB3_FIX:U7-GBS.data,55
S:BB3_FIX:U7-U11+DIFF.data,55
S:BB3_FIX:U7-U15+DIFF.data,55
S:BB3_FIX:U8-2.0GBM+GBL.data,50
S:BB3_FIX:U8-2.3GBM+1.3GBL.data,50
S:BB3_FIX:U8-GBL.data,50
S:BB3_FIX:U8-GBM-GBL+GBX.data,50
S:BB3_FIX:U8-GBM-U12+GBL.data,50
S:BB3_FIX:U8-GBM-U13+GBL.data,50
S:BB3_FIX:U8-GBM-U14+GBL.data,50
S:BB3_FIX:U8-GBM.data,50
S:BB3_FIX:U8-GBS-U13+GBM.data,50
S:BB3_FIX:U8-GBS.data,50
S:BB3_FIX:U8-U12+DIFF.data,50
S:BB3_FIX:U8-U16+DIFF.data,50
S:BB3_FIX:U9-2.0GBL+GBX.data,50
S:BB3_FIX:U9-2.0GBM+GBL.data,50
S:BB3_FIX:U9-GBL-0.5L9+0.5R.data,50
S:BB3_FIX:U9-GBL-L9+R.data,50
S:BB3_FIX:U9-GBL.data,50
S:BB3_FIX:U9-GBM-U13+GBL.data,50
S:BB3_FIX:U9-GBM-U14+GBL.data,50
S:BB3_FIX:U9-GBM.data,50
S:BB3_FIX:U9-GBS.data,50
S:BB3_FIX:U9-U13+DIFF.data,50
S:BB3_FIX:UB-US30Y.data,10
S:BB3_FIX:UBLUE-GBL.data,13
S:BB3_FIX:UBLUE-GBM.data,13
S:BB3_FIX:UBLUE-GBX.data,13
S:BB3_FIX:UGREEN-GBL-LBLUE+R.data,25
S:BB3_FIX:UGREEN-GBL-LGREEN+R.data,25
S:BB3_FIX:UGREEN-GBL.data,25
S:BB3_FIX:UGREEN-GBM-LBLUE+R.data,25
S:BB3_FIX:UGREEN-GBM-LGREEN+R.data,25
S:BB3_FIX:UGREEN-GBM-UBLUE+GBL.data,25
S:BB3_FIX:UGREEN-GBM.data,25
S:BB3_FIX:URED-GBL.data,35
S:BB3_FIX:URED-GBM.data,35
S:BB3_FIX:URED-GBS-UGREEN+GBM.data,35
S:BB3_FIX:URED-GBS.data,35
S:BB3_FIX:URED-UGREEN.data,35
S:BB3_FIX:US10Y-TN.data,13
S:BB3_FIX:US10Y-UB.data,13
S:BB3_FIX:US10Y-US30Y.data,13
S:BB3_FIX:US10Y-ZB.data,13
S:BB3_FIX:US10Y-ZN.data,13
S:BB3_FIX:US2Y-US10Y.data,41
S:BB3_FIX:US2Y-US3Y.data,41
S:BB3_FIX:US2Y-US5Y.data,41
S:BB3_FIX:US2Y-ZF.data,41
S:BB3_FIX:US2Y-ZN.data,41
S:BB3_FIX:US2Y-ZT.data,41
S:BB3_FIX:US30Y-UB.data,8
S:BB3_FIX:US30Y-ZB.data,8
S:BB3_FIX:US3Y-US10Y.data,22
S:BB3_FIX:US3Y-US5Y.data,22
S:BB3_FIX:US3Y-US7Y.data,22
S:BB3_FIX:US3Y-ZF.data,22
S:BB3_FIX:US3Y-ZN.data,22
S:BB3_FIX:US5Y-US10Y.data,16
S:BB3_FIX:US5Y-US30Y.data,16
S:BB3_FIX:US5Y-US7Y.data,16
S:BB3_FIX:US5Y-ZB.data,16
S:BB3_FIX:US5Y-ZF.data,16
S:BB3_FIX:US5Y-ZN.data,16
S:BB3_FIX:US7Y-TN.data,18
S:BB3_FIX:US7Y-US10Y.data,18
S:BB3_FIX:US7Y-US30Y.data,18
S:BB3_FIX:US7Y-ZB.data,18
S:BB3_FIX:US7Y-ZN.data,18
S:BB3_FIX:UWHITE-GBS.data,75
S:BB3_FIX:WHITE-US2Y.data,75
S:BB3_FIX:WHITE-ZT-GREEN+ZF.data,75
S:BB3_FIX:WHITE-ZT.data,75
S:BB3_FIX:ZB-UB.data,13
S:BB3_FIX:ZB-US30Y.data,13
S:BB3_FIX:ZF-TN.data,13
S:BB3_FIX:ZF-UB.data,13
S:BB3_FIX:ZF-US10Y.data,13
S:BB3_FIX:ZF-US30Y.data,13
S:BB3_FIX:ZF-US5Y.data,13
S:BB3_FIX:ZF-ZB-GBM+GBX.data,13
S:BB3_FIX:ZF-ZB.data,13
S:BB3_FIX:ZF-ZN-GBM+GBL.data,13
S:BB3_FIX:ZF-ZN.data,13
S:BB3_FIX:ZN-0.5ZF-0.5ZB.data,13
S:BB3_FIX:ZN-TN.data,16
S:BB3_FIX:ZN-UB.data,16
S:BB3_FIX:ZN-US10Y.data,16
S:BB3_FIX:ZN-US30Y.data,16
S:BB3_FIX:ZN-ZB.data,16
S:BB3_FIX:ZT+0.75ZF-ZN-ZB+1.5UB.data,33
S:BB3_FIX:ZT+ZF-2.0ZN+ZB.data,33
S:BB3_FIX:ZT-3.0ZF+3.0ZN-ZB.data,33
S:BB3_FIX:ZT-GBS.data,33
S:BB3_FIX:ZT-TN.data,33
S:BB3_FIX:ZT-US10Y.data,33
S:BB3_FIX:ZT-US2Y.data,33
S:BB3_FIX:ZT-US3Y.data,33
S:BB3_FIX:ZT-US5Y.data,33
S:BB3_FIX:ZT-ZB.data,33
S:BB3_FIX:ZT-ZF.data,33
S:BB3_FIX:ZT-ZN.data,33
