S:BB3:0.8J6+NKD-ES.data,10
S:BB3:2.0CL-ES-C6.data,10
S:BB3:2.0CL-X-C6.data,10
S:BB3:2.0GBL-ZN-R.data,10
S:BB3:2.0GC-HG-A6.data,15
S:BB3:2.0GC-HG-E6.data,15
S:BB3:2.0J6-ZN+ES.data,20
S:BB3:2.0J6-ZN+NKD.data,20
S:BB3:2.0R-ZN-GBL.data,20
S:BB3:2.0YAP-X-CL.data,15
S:BB3:2.0ZN-GBL-R.data,15
S:BB3:A6+J6.data,6
S:BB3:A6-B6.data,6
S:BB3:A6-C6-0.3HG+0.3CL.data,10
S:BB3:A6-C6.data,6
S:BB3:A6-E6.data,6
S:BB3:A6-ES.data,6
S:BB3:A6-ESX.data,6
S:BB3:A6-J6.data,6
S:BB3:A6-N6.data,6
S:BB3:A6-NQ.data,6
S:BB3:A6-S6.data,6
S:BB3:AEX-MX.data,10
S:BB3:B6+R.data,6
S:BB3:B6-C6.data,6
S:BB3:B6-E6.data,6
S:BB3:B6-ES.data,6
S:BB3:B6-J6.data,6
S:BB3:B6-N6.data,6
S:BB3:B6-S6.data,6
S:BB3:B6-X.data,6
S:BB3:B6.data,6
S:BB3:BT+A6.data,25
S:BB3:BT+J6.data,25
S:BB3:BT+NKD+J6.data,25
S:BB3:BT+NKD.data,25
S:BB3:BT+YAP.data,25
S:BB3:BT-C6.data,25
S:BB3:BT-CGB-0.3C6+0.3J6.data,25
S:BB3:BT-CGB-0.3C6+0.5J6.data,25
S:BB3:BT-CGB-0.5C6+0.5J6.data,25
S:BB3:BT-CGB-0.5SXF+0.5NKD.data,25
S:BB3:BT-CGB.data,25
S:BB3:BT-GBL-0.3E6+0.3J6.data,25
S:BB3:BT-GBL-0.5DF+0.5NKD.data,25
S:BB3:BT-GBL-0.5E6+0.5J6.data,25
S:BB3:BT-GBL-0.5ESX+0.5NKD.data,25
S:BB3:BT-GBL-0.75E6+0.5J6.data,25
S:BB3:BT-GBL-DF+NKD.data,25
S:BB3:BT-GBL-ESX+NKD.data,25
S:BB3:BT-GBL.data,25
S:BB3:BT-NKD.data,25
S:BB3:BT-R-0.3B6+0.3J6.data,25
S:BB3:BT-R-0.5B6+0.5J6.data,25
S:BB3:BT-R-0.5X+0.5NKD.data,25
S:BB3:BT-R-0.75B6+0.5J6.data,25
S:BB3:BT-R-X+NKD.data,25
S:BB3:BT-R.data,25
S:BB3:BT-TN.data,25
S:BB3:BT-TS-0.3A6+0.3J6.data,35
S:BB3:BT-TS-0.3A6+0.5J6.data,35
S:BB3:BT-TS-0.3J6+0.3A6.data,35
S:BB3:BT-TS-0.5A6+0.5J6.data,35
S:BB3:BT-TS-A6+J6.data,36
S:BB3:BT-TS.data,36
S:BB3:BT-US10Y+0.3J6.data,25
S:BB3:BT-US10Y+0.5J6.data,25
S:BB3:BT-US7Y+0.3J6.data,25
S:BB3:BT-US7Y+0.5J6.data,25
S:BB3:BT-ZN+0.3J6.data,25
S:BB3:BT-ZN+0.5J6.data,25
S:BB3:BT-ZN-0.5ES+0.5NKD.data,25
S:BB3:BT-ZN.data,25
S:BB3:BTP+E6.data,10
S:BB3:BTP+GBL.data,10
S:BB3:BTP+SPMIB-GBL-DF.data,10
S:BB3:BTP-DF.data,10
S:BB3:BTP-E6.data,10
S:BB3:BTP-ESX.data,10
S:BB3:BTP-GBL-0.5DF.data,10
S:BB3:BTP-GBL-0.5ES.data,10
S:BB3:BTP-GBL-0.5ESX.data,10
S:BB3:BTP-GBL-0.8DF.data,10
S:BB3:BTP-GBL-0.8ES.data,10
S:BB3:BTP-GBL-0.8ESX.data,10
S:BB3:BTP-GBL-2.0E6.data,10
S:BB3:BTP-GBL-2.0ESX.data,10
S:BB3:BTP-GBL-2.0SPMIB.data,10
S:BB3:BTP-GBL-3.0ESX.data,10
S:BB3:BTP-GBL-3SPMIB.data,10
S:BB3:BTP-GBL-6.0E6.data,10
S:BB3:BTP-GBL.data,10
S:BB3:BTP-OAT.data,10
S:BB3:BTP-R.data,10
S:BB3:BTP-X.data,10
S:BB3:C6-E6.data,10
S:BB3:C6-ES.data,10
S:BB3:C6-J6.data,10
S:BB3:C6-NQ.data,10
S:BB3:C6-S6.data,10
S:BB3:CGB+0.3C6.data,6
S:BB3:CGB+0.5C6.data,6
S:BB3:CGB+C6.data,6
S:BB3:CGB+CL.data,6
S:BB3:CGB+ES.data,6
S:BB3:CGB+SXF+C6.data,6
S:BB3:CGB+SXF-BT-NKD+C6-J6.data,6
S:BB3:CGB+SXF-NKD-J6.data,6
S:BB3:CGB+SXF-R-X.data,6
S:BB3:CGB+SXF-TS-YAP+C6-A6.data,6
S:BB3:CGB+SXF.data,6
S:BB3:CGB-E6.data,6
S:BB3:CGB-GBL-0.3E6+0.3C6.data,6
S:BB3:CGB-GBL-0.5E6+0.5C6.data,6
S:BB3:CGB-GBL-0.5ESX+0.5SXF.data,6
S:BB3:CGB-GBL-0.6E6+0.15C6.data,6
S:BB3:CGB-GBL-0.75E6+0.3C6.data,6
S:BB3:CGB-GBL-E6+0.3C6.data,6
S:BB3:CGB-GBL-E6+C6.data,6
S:BB3:CGB-GBL.data,6
S:BB3:CGB-GBM-0.3E6+0.3C6.data,12
S:BB3:CGB-GBM-0.5E6+0.5C6.data,12
S:BB3:CGB-GBM-E6+C6.data,12
S:BB3:CGB-GBM.data,12
S:BB3:CGB-GBX-0.3E6+0.3C6.data,6
S:BB3:CGB-GBX.data,6
S:BB3:CGB-J6+0.5SXF-0.5NKD.data,6
S:BB3:CGB-J6.data,6
S:BB3:CGB-OAT-0.3E6+0.3C6.data,6
S:BB3:CGB-OAT-0.5E6+0.5C6.data,6
S:BB3:CGB-OAT.data,6
S:BB3:CGB-R-0.3B6+0.3C6.data,6
S:BB3:CGB-R-0.5B6+0.5C6.data,6
S:BB3:CGB-R-0.75B6+0.3C6.data,6
S:BB3:CGB-R-B6+C6.data,6
S:BB3:CGB-R.data,6
S:BB3:CGB-SXF.data,6
S:BB3:CGB-TN+0.3C6.data,6
S:BB3:CGB-TN.data,6
S:BB3:CGB-UB+0.3C6.data,6
S:BB3:CGB-UB.data,6
S:BB3:CGB-US10Y+0.3C6.data,6
S:BB3:CGB-US10Y+0.5C6.data,6
S:BB3:CGB-US7Y+0.3C6.data,6
S:BB3:CGB-US7Y+0.5C6.data,6
S:BB3:CGB-ZB+0.3C6.data,6
S:BB3:CGB-ZB+0.5C6.data,6
S:BB3:CGB-ZB+C6.data,6
S:BB3:CGB-ZB.data,6
S:BB3:CGB-ZF.data,6
S:BB3:CGB-ZN+0.3C6-0.3ES.data,6
S:BB3:CGB-ZN+0.3C6.data,6
S:BB3:CGB-ZN+0.5C6.data,6
S:BB3:CGB-ZN+0.75C6.data,6
S:BB3:CGB-ZN+C6.data,6
S:BB3:CGB-ZN-0.3ES+0.3SXF.data,6
S:BB3:CGB-ZN.data,6
S:BB3:CGB.data,6
S:BB3:CGF-CGB+0.5C6.data,20
S:BB3:CGF-CGB.data,20
S:BB3:CL+0.5C6-0.5X.data,6
S:BB3:CL+0.5J6+0.5TS.data,6
S:BB3:CL+0.5TS-0.5C6.data,6
S:BB3:CL+GC.data,6
S:BB3:CL+TS.data,6
S:BB3:CL+UB.data,6
S:BB3:CL+ZB.data,6
S:BB3:CL+ZN.data,6
S:BB3:CL-A6.data,6
S:BB3:CL-B6.data,6
S:BB3:CL-C6.data,6
S:BB3:CL-E6.data,6
S:BB3:CL-ES.data,6
S:BB3:CL-ESX.data,6
S:BB3:CL-GC.data,6
S:BB3:CL-N6.data,6
S:BB3:CL-NQ.data,6
S:BB3:CL-OIL.data,6
S:BB3:CL-R6.data,6
S:BB3:CL-S6.data,6
S:BB3:CL-SXF.data,6
S:BB3:CL-TS.data,6
S:BB3:CL-ULS.data,6
S:BB3:CL-X.data,6
S:BB3:CL-YAP.data,6
S:BB3:CL-ZF+ZB.data,6
S:BB3:CL.data,6
S:BB3:DF+E6.data,5
S:BB3:DF+GBL.data,5
S:BB3:DF+J6.data,5
S:BB3:DF-0.5MX-0.5X.data,5
S:BB3:DF-0.5X+0.5ES.data,5
S:BB3:DF-0.5X-0.5ES.data,5
S:BB3:DF-2.0GBM+2.0GBL.data,5
S:BB3:DF-A6.data,5
S:BB3:DF-B6.data,5
S:BB3:DF-C6.data,5
S:BB3:DF-CL.data,5
S:BB3:DF-E6.data,5
S:BB3:DF-ES+0.3E6.data,5
S:BB3:DF-ES+0.5E6.data,5
S:BB3:DF-ES+E6.data,5
S:BB3:DF-ES.data,5
S:BB3:DF-ESX.data,5
S:BB3:DF-HG.data,5
S:BB3:DF-M6.data,5
S:BB3:DF-MX.data,5
S:BB3:DF-NKD-0.3J6+0.3E6.data,5
S:BB3:DF-NKD-0.5J6+0.5E6.data,5
S:BB3:DF-NKD-0.75J6+0.75E6.data,5
S:BB3:DF-NKD-0.8J6+0.8E6.data,5
S:BB3:DF-NKD.data,5
S:BB3:DF-NQ.data,5
S:BB3:DF-OIL.data,5
S:BB3:DF-RTY.data,5
S:BB3:DF-SXF-0.3C6+0.3E6.data,5
S:BB3:DF-SXF-C6+E6.data,5
S:BB3:DF-X-0.3B6+0.3E6.data,5
S:BB3:DF-X-B6+E6.data,5
S:BB3:DF-X.data,5
S:BB3:DF-XXP.data,5
S:BB3:DF-YAP-0.3A6+0.3E6.data,5
S:BB3:DF-YAP-1.1A6+1.1E6.data,5
S:BB3:DF-YAP-A6+E6.data,5
S:BB3:DF-YM+0.5E6.data,5
S:BB3:DF-YM.data,5
S:BB3:DF.data,5
S:BB3:E6+ES.data,5
S:BB3:E6+ESX.data,5
S:BB3:E6+GBL.data,5
S:BB3:E6-B6.data,5
S:BB3:E6-C6.data,5
S:BB3:E6-DF.data,5
S:BB3:E6-ES.data,5
S:BB3:E6-J6+GBL.data,5
S:BB3:E6-J6.data,5
S:BB3:E6-S6.data,5
S:BB3:E6.data,5
S:BB3:ES+0.5ZN+0.5J6.data,5
S:BB3:ES+E6.data,5
S:BB3:ES-0.3NQ-0.7YM.data,5
S:BB3:ES-0.4NQ-0.6YM.data,5
S:BB3:ES-0.4RTY-0.6YM.data,5
S:BB3:ES-0.5DF-0.5X.data,5
S:BB3:ES-0.5NQ-0.5YM.data,5
S:BB3:ES-0.5YM-0.5RTY.data,5
S:BB3:ES-B6.data,5
S:BB3:ES-BLUE.data,5
S:BB3:ES-C6.data,5
S:BB3:ES-DF.data,5
S:BB3:ES-ESX.data,5
S:BB3:ES-M6.data,5
S:BB3:ES-MX.data,5
S:BB3:ES-NKD+0.5ZN-0.5J6.data,5
S:BB3:ES-NQ.data,5
S:BB3:ES-US10Y+US30Y.data,5
S:BB3:ES-US3Y+US10Y.data,5
S:BB3:ES-US5Y+US10Y.data,5
S:BB3:ES-X.data,5
S:BB3:ES-YM+0.5ICEDX.data,5
S:BB3:ES-YM+ICEDX.data,5
S:BB3:ES-ZF+ZB.data,5
S:BB3:ES-ZN+ZB.data,5
S:BB3:ESX+0.5E6.data,6
S:BB3:ESX+E6.data,6
S:BB3:ESX+GBL-CGB-SXF.data,6
S:BB3:ESX+GBL-NKD-J6.data,6
S:BB3:ESX+GBL-TS-YAP.data,6
S:BB3:ESX+GBL.data,6
S:BB3:ESX+J6.data,6
S:BB3:ESX+VS.data,15
S:BB3:ESX+VS2.data,15
S:BB3:ESX+VS3.data,20
S:BB3:ESX+ZF.data,6
S:BB3:ESX-0.53DF-0.40MX-0.10IM.data,6
S:BB3:ESX-0.5MX-0.5DF.data,6
S:BB3:ESX-2.0GBM+2.0GBL.data,6
S:BB3:ESX-B6.data,6
S:BB3:ESX-CL.data,6
S:BB3:ESX-DF.data,6
S:BB3:ESX-E6.data,6
S:BB3:ESX-ES+0.3E6.data,6
S:BB3:ESX-ES+0.5E6.data,6
S:BB3:ESX-ES+0.6E6.data,6
S:BB3:ESX-ES+0.7E6.data,6
S:BB3:ESX-ES+0.8E6.data,6
S:BB3:ESX-ES.data,6
S:BB3:ESX-ESB-GBL.data,6
S:BB3:ESX-M6.data,6
S:BB3:ESX-MX.data,6
S:BB3:ESX-NKD-0.75J6+0.75E6.data,6
S:BB3:ESX-NQ.data,6
S:BB3:ESX-SXF+0.7E6.data,6
S:BB3:ESX-SXF-C6+E6.data,6
S:BB3:ESX-X.data,6
S:BB3:ESX-YAP-A6+E6.data,6
S:BB3:ESX-YAP.data,6
S:BB3:ESX-YM.data,6
S:BB3:GBL+0.3E6.data,6
S:BB3:GBL+0.5DF-R-0.5X.data,6
S:BB3:GBL+0.5E6.data,6
S:BB3:GBL+DF+E6.data,6
S:BB3:GBL+DF-R-X.data,6
S:BB3:GBL+DF.data,6
S:BB3:GBL+E6.data,10
S:BB3:GBL+ES.data,6
S:BB3:GBL+ESX+0.33VS.data,10
S:BB3:GBL+ESX+0.5VS.data,10
S:BB3:GBL+ESX+E6.data,10
S:BB3:GBL+ESX+VS.data,10
S:BB3:GBL+ESX-BT-NKD+E6-J6.data,20
S:BB3:GBL+ESX-CGB-SXF+E6-C6.data,20
S:BB3:GBL+ESX-CGB-SXF.data,20
S:BB3:GBL+ESX-R-X+E6-B6.data,10
S:BB3:GBL+ESX-R-X.data,15
S:BB3:GBL+ESX-TS-YAP+E6-A6.data,20
S:BB3:GBL+ESX.data,10
S:BB3:GBL+VS.data,6
S:BB3:GBL-0.5BTP-0.5OAT.data,6
S:BB3:GBL-CGB+0.67ESX-0.67SXF.data,6
S:BB3:GBL-CGB.data,6
S:BB3:GBL-DF.data,6
S:BB3:GBL-E6.data,6
S:BB3:GBL-J6.data,6
S:BB3:GBL-R-0.3B6+0.3E6+DF-X.data,15
S:BB3:GBL-R-0.3B6+0.3E6.data,15
S:BB3:GBL-R-0.5B6+0.5E6.data,15
S:BB3:GBL-R-0.5X+0.5ESX.data,15
S:BB3:GBL-R-0.67B6+0.67E6.data,15
S:BB3:GBL-R-0.75B6+0.75E6.data,15
S:BB3:GBL-R-B6+E6.data,15
S:BB3:GBL-R-X+ESX.data,15
S:BB3:GBL-R.data,15
S:BB3:GBL-TN+0.3E6.data,15
S:BB3:GBL-TN+E6.data,15
S:BB3:GBL-TN.data,15
S:BB3:GBL-UB+0.3E6.data,15
S:BB3:GBL-UB+0.5E6.data,15
S:BB3:GBL-UB+E6.data,15
S:BB3:GBL-UB.data,15
S:BB3:GBL-US10Y+0.3E6.data,15
S:BB3:GBL-US10Y+0.5E6.data,15
S:BB3:GBL-US7Y+0.3E6.data,15
S:BB3:GBL-US7Y+0.5E6.data,15
S:BB3:GBL-VS.data,6
S:BB3:GBL-ZB+0.3E6.data,6
S:BB3:GBL-ZB+0.5E6.data,6
S:BB3:GBL-ZB+0.7E6.data,6
S:BB3:GBL-ZB+E6.data,6
S:BB3:GBL-ZB.data,6
S:BB3:GBL-ZF.data,6
S:BB3:GBL-ZN+0.3E6-0.3ES.data,6
S:BB3:GBL-ZN+0.3E6.data,6
S:BB3:GBL-ZN+0.5E6.data,6
S:BB3:GBL-ZN+0.75E6.data,6
S:BB3:GBL-ZN+E6.data,6
S:BB3:GBL-ZN-GBX+ZB.data,6
S:BB3:GBL-ZN.data,6
S:BB3:GBL.data,6
S:BB3:GBM-GBX-0.5ESX+0.5ESB.data,16
S:BB3:GBM-GBX-ESX+ESB.data,16
S:BB3:GBM-J6.data,16
S:BB3:GBM-R-0.3B6+0.3E6.data,16
S:BB3:GBM-R-0.5B6+0.5E6.data,16
S:BB3:GBM-R-0.7B6+0.7E6.data,16
S:BB3:GBM-R.data,16
S:BB3:GBM-US3Y+0.3E6.data,16
S:BB3:GBM-US3Y+0.5E6.data,16
S:BB3:GBM-US5Y+0.3E6.data,16
S:BB3:GBM-US5Y+0.5E6.data,16
S:BB3:GBM-ZB.data,16
S:BB3:GBM-ZF+0.3E6.data,16
S:BB3:GBM-ZF+0.5E6.data,16
S:BB3:GBM-ZF.data,16
S:BB3:GBM-ZN+0.5E6.data,16
S:BB3:GBM-ZN.data,16
S:BB3:GBS-CGB.data,23
S:BB3:GBS-GBL-0.3ESX.data,23
S:BB3:GBS-GBL-0.4ESX.data,23
S:BB3:GBS-GBL-0.5ESX.data,23
S:BB3:GBS-GBL-0.7ESX.data,23
S:BB3:GBS-GC.data,23
S:BB3:GBS-J6.data,23
S:BB3:GBS-R.data,23
S:BB3:GBS-US2Y+0.3E6.data,23
S:BB3:GBS-US2Y+0.5E6.data,23
S:BB3:GBS-ZF.data,23
S:BB3:GBS-ZN.data,23
S:BB3:GBS-ZT+0.3E6.data,23
S:BB3:GBS-ZT+0.5E6.data,23
S:BB3:GBS-ZT+E6.data,23
S:BB3:GBS-ZT.data,23
S:BB3:GBX+DF.data,11
S:BB3:GBX+E6.data,11
S:BB3:GBX-0.3UB.data,11
S:BB3:GBX-0.5UB.data,11
S:BB3:GBX-CGB.data,11
S:BB3:GBX-E6.data,11
S:BB3:GBX-GBM.data,11
S:BB3:GBX-J6.data,11
S:BB3:GBX-R-0.3B6+0.3E6.data,11
S:BB3:GBX-R-0.5B6+0.5E6.data,11
S:BB3:GBX-R.data,11
S:BB3:GBX-TN+0.3E6.data,11
S:BB3:GBX-TN+E6.data,11
S:BB3:GBX-TN.data,11
S:BB3:GBX-UB.data,11
S:BB3:GBX-ZB+0.3E6.data,11
S:BB3:GBX-ZB+0.5E6.data,11
S:BB3:GBX-ZB+0.75E6.data,11
S:BB3:GBX-ZB+E6.data,11
S:BB3:GBX-ZB.data,11
S:BB3:GBX-ZF.data,11
S:BB3:GBX-ZN+0.3E6.data,11
S:BB3:GBX-ZN+E6.data,11
S:BB3:GBX-ZN.data,11
S:BB3:GC+0.3ES.data,5
S:BB3:GC+CL.data,5
S:BB3:GC+ES.data,5
S:BB3:GC+ESX.data,5
S:BB3:GC+ICEDX.data,5
S:BB3:GC-0.5HG-0.5A6.data,5
S:BB3:GC-0.5J6-0.5S6.data,5
S:BB3:GC-0.5J6-0.5ZN.data,5
S:BB3:GC-0.5S6-0.5ZN.data,5
S:BB3:GC-0.5ZN-0.5E6.data,5
S:BB3:GC-0.5ZN-0.5GBL.data,5
S:BB3:GC-A6.data,5
S:BB3:GC-B6.data,5
S:BB3:GC-C6.data,5
S:BB3:GC-CGB.data,5
S:BB3:GC-CL.data,5
S:BB3:GC-E6.data,5
S:BB3:GC-ES.data,5
S:BB3:GC-GBL.data,5
S:BB3:GC-GBM.data,5
S:BB3:GC-J6.data,5
S:BB3:GC-N6.data,5
S:BB3:GC-NQ.data,5
S:BB3:GC-S6.data,5
S:BB3:GC-SI.data,5
S:BB3:GC-TS.data,5
S:BB3:GC-UB.data,5
S:BB3:GC-VX.data,5
S:BB3:GC-ZB.data,5
S:BB3:GC-ZN.data,5
S:BB3:GC-ZT.data,5
S:BB3:GE5-ZT-0.15ES.data,45
S:BB3:GE5-ZT-0.1ES.data,45
S:BB3:GE9-US3Y-0.15ES.data,26
S:BB3:GE9-US3Y-0.1ES.data,26
S:BB3:HG-A6.data,8
S:BB3:HG-AEX.data,8
S:BB3:HG-B6.data,8
S:BB3:HG-C6.data,8
S:BB3:HG-CL.data,8
S:BB3:HG-E6.data,8
S:BB3:HG-ES.data,8
S:BB3:HG-ESX.data,10
S:BB3:HG-GC.data,8
S:BB3:HG-M6.data,8
S:BB3:HG-MME.data,13
S:BB3:HG-N6.data,8
S:BB3:HG-NQ.data,8
S:BB3:HG-R6.data,10
S:BB3:HG-RTY.data,8
S:BB3:HG-S6.data,8
S:BB3:HG-SI.data,8
S:BB3:HG-SXF.data,8
S:BB3:HG-X.data,8
S:BB3:HG-YAP.data,10
S:BB3:HO-A6.data,6
S:BB3:HO-B6.data,6
S:BB3:HO-C6.data,6
S:BB3:HO-CL.data,6
S:BB3:HO-E6.data,6
S:BB3:HO-ES.data,6
S:BB3:HO-GC.data,6
S:BB3:HO-HG.data,6
S:BB3:HO-M6.data,6
S:BB3:HO-N6.data,6
S:BB3:HO-S6.data,6
S:BB3:HO-SXF.data,6
S:BB3:HO-ULS.data,6
S:BB3:HO-YAP.data,6
S:BB3:HO.data,6
S:BB3:HO2-CL2.data,6
S:BB3:HO2-ULS2.data,6
S:BB3:J6+E6.data,6
S:BB3:J6+ES.data,6
S:BB3:J6+N6.data,6
S:BB3:J6+NKD-GBL-DF.data,6
S:BB3:J6+NKD.data,6
S:BB3:J6+NQ.data,6
S:BB3:J6-0.5GC+0.5NKD.data,6
S:BB3:J6-0.5S6-0.5GC.data,6
S:BB3:J6-0.5ZN+0.5ES.data,6
S:BB3:J6-0.5ZN+0.5NKD.data,6
S:BB3:J6-0.5ZN-0.5GC.data,6
S:BB3:J6-S6.data,6
S:BB3:J6-UB.data,6
S:BB3:M6+J6.data,11
S:BB3:M6-0.67A6-0.33ES.data,11
S:BB3:M6-0.67C6-0.33A6.data,11
S:BB3:M6-0.67C6-0.33ES.data,11
S:BB3:M6-A6.data,11
S:BB3:M6-B6.data,11
S:BB3:M6-C6.data,11
S:BB3:M6-CL.data,11
S:BB3:M6-E6.data,11
S:BB3:M6-ES.data,11
S:BB3:M6-GC.data,11
S:BB3:M6-N6.data,11
S:BB3:M6-NQ.data,11
S:BB3:M6-RTY.data,11
S:BB3:M6-S6.data,11
S:BB3:M6-SI.data,11
S:BB3:M6-X.data,11
S:BB3:M6-ZF.data,11
S:BB3:M6-ZN.data,11
S:BB3:MME+ICEDX.data,6
S:BB3:MME+VX.data,6
S:BB3:MME-ESX.data,6
S:BB3:MME-M6.data,6
S:BB3:MME-RTY.data,6
S:BB3:MME-X.data,6
S:BB3:MX-A6.data,6
S:BB3:MX-C6.data,6
S:BB3:MX-DF.data,6
S:BB3:MX-ES.data,6
S:BB3:MX-ESX.data,6
S:BB3:MX-X.data,6
S:BB3:N6-A6.data,6
S:BB3:N6-B6.data,6
S:BB3:N6-C6.data,6
S:BB3:N6-E6.data,6
S:BB3:N6-ES.data,6
S:BB3:N6-ESX.data,6
S:BB3:N6-HG.data,6
S:BB3:N6-PL.data,6
S:BB3:N6-RTY.data,6
S:BB3:N6-S6.data,6
S:BB3:NG-B6.data,6
S:BB3:NG-C6.data,6
S:BB3:NKD+0.5J6.data,6
S:BB3:NKD+J6.data,6
S:BB3:NKD+S6.data,6
S:BB3:NKD+ZB.data,6
S:BB3:NKD+ZF.data,6
S:BB3:NKD+ZN.data,6
S:BB3:NKD-0.5ES+0.3J6.data,6
S:BB3:NKD-0.5ES+0.5J6.data,6
S:BB3:NKD-A6.data,6
S:BB3:NKD-B6.data,6
S:BB3:NKD-C6.data,6
S:BB3:NKD-CL.data,6
S:BB3:NKD-DF-0.3E6+0.3J6.data,6
S:BB3:NKD-DF-0.5E6+0.5J6.data,6
S:BB3:NKD-DF.data,6
S:BB3:NKD-E6.data,6
S:BB3:NKD-ES+0.3J6.data,6
S:BB3:NKD-ES+0.5J6.data,6
S:BB3:NKD-ES+0.8J6.data,6
S:BB3:NKD-ES.data,6
S:BB3:NKD-ESX-0.3E6+0.3J6.data,6
S:BB3:NKD-ESX-0.5E6+0.5J6.data,6
S:BB3:NKD-ESX-0.75E6+0.75J6.data,6
S:BB3:NKD-ESX.data,6
S:BB3:NKD-GC.data,6
S:BB3:NKD-HG.data,6
S:BB3:NKD-HO.data,6
S:BB3:NKD-M6.data,6
S:BB3:NKD-MX.data,6
S:BB3:NKD-N6.data,6
S:BB3:NKD-NQ.data,6
S:BB3:NKD-RB.data,6
S:BB3:NKD-RTY.data,6
S:BB3:NKD-SXF-0.3C6+0.3J6.data,6
S:BB3:NKD-X-0.3B6+0.3J6.data,6
S:BB3:NKD-X-0.3B6-0.3J6.data,6
S:BB3:NKD-X-0.5B6+0.5J6.data,6
S:BB3:NKD-X-B6+J6.data,6
S:BB3:NKD-X.data,6
S:BB3:NKD-YAP-0.3A6+0.3J6.data,6
S:BB3:NKD-YAP-0.5A6+0.5J6.data,6
S:BB3:NKD-YAP-A6+J6.data,6
S:BB3:NKD-YAP.data,6
S:BB3:NKD-YM.data,6
S:BB3:NQ-A6.data,6
S:BB3:NQ-B6.data,6
S:BB3:NQ-C6.data,6
S:BB3:NQ-E6.data,6
S:BB3:NQ-J6.data,6
S:BB3:NQ-M6.data,6
S:BB3:NQ-MX.data,6
S:BB3:NQ-S6.data,6
S:BB3:NQ-X.data,6
S:BB3:NQ-YM.data,6
S:BB3:OAT+E6.data,11
S:BB3:OAT+MX.data,11
S:BB3:OAT-0.7GBL-0.3BTP.data,11
S:BB3:OAT-BT-0.5NKD+0.5MX.data,11
S:BB3:OAT-BT-NKD+MX.data,11
S:BB3:OAT-CGB-0.5SXF+0.5MX.data,11
S:BB3:OAT-CGB-SXF+MX.data,11
S:BB3:OAT-GBL-0.5DF+0.5MX.data,11
S:BB3:OAT-GBL.data,11
S:BB3:OAT-J6-NKD+MX.data,11
S:BB3:OAT-R-0.3B6+0.3E6.data,15
S:BB3:OAT-R-0.5B6+0.5E6.data,15
S:BB3:OAT-R-0.5X+0.5MX.data,15
S:BB3:OAT-R.data,15
S:BB3:OAT-TN+0.3E6.data,15
S:BB3:OAT-TN.data,15
S:BB3:OAT-ZB+0.3E6.data,15
S:BB3:OAT-ZN+0.3E6.data,15
S:BB3:OAT-ZN+0.5E6.data,15
S:BB3:OAT-ZN+E6.data,15
S:BB3:OAT-ZN-0.5ES+0.5MX.data,15
S:BB3:OAT-ZN-ES+MX.data,15
S:BB3:OAT-ZN.data,15
S:BB3:OIL+ICEDX.data,6
S:BB3:OIL+R.data,6
S:BB3:OIL+ZB.data,6
S:BB3:OIL+ZN.data,6
S:BB3:OIL-A6.data,6
S:BB3:OIL-C6.data,6
S:BB3:OIL-E6.data,6
S:BB3:OIL-ES.data,6
S:BB3:OIL-ESX.data,6
S:BB3:OIL-R6.data,6
S:BB3:OIL-ULS.data,6
S:BB3:OIL2-ULS2.data,6
S:BB3:PA-C6.data,6
S:BB3:PA-CL.data,6
S:BB3:PA-ES.data,6
S:BB3:PA-GC.data,6
S:BB3:PA-HG.data,6
S:BB3:PA-PL.data,6
S:BB3:PA-SI.data,6
S:BB3:PA-Z6.data,6
S:BB3:PL+ES.data,6
S:BB3:PL+ICEDX.data,6
S:BB3:PL-0.5GC-0.5HG.data,6
S:BB3:PL-A6.data,6
S:BB3:PL-B6.data,6
S:BB3:PL-C6.data,6
S:BB3:PL-CL.data,6
S:BB3:PL-E6.data,6
S:BB3:PL-ES.data,6
S:BB3:PL-GC.data,6
S:BB3:PL-HG.data,6
S:BB3:PL-HO.data,6
S:BB3:PL-J6.data,6
S:BB3:PL-M6.data,6
S:BB3:PL-N6.data,6
S:BB3:PL-NKD.data,6
S:BB3:PL-NQ.data,6
S:BB3:PL-R6.data,6
S:BB3:PL-RB.data,6
S:BB3:PL-S6.data,6
S:BB3:PL-SI.data,6
S:BB3:PL-SXF.data,6
S:BB3:PL-YAP.data,6
S:BB3:PL-Z6.data,6
S:BB3:R+0.5B6.data,6
S:BB3:R+B6.data,6
S:BB3:R+DF.data,6
S:BB3:R+ESX.data,6
S:BB3:R+X+0.5B6-BT-NKD-0.5J6.data,6
S:BB3:R+X+B6.data,6
S:BB3:R+X-BT-NKD+B6-J6.data,6
S:BB3:R+X-CGB-SXF+B6-C6.data,6
S:BB3:R+X-CGB-SXF.data,6
S:BB3:R+X-TS-YAP+B6-A6.data,6
S:BB3:R+X.data,6
S:BB3:R-CGB+0.3B6.data,6
S:BB3:R-CGB.data,6
S:BB3:R-E6.data,6
S:BB3:R-GBL.data,6
S:BB3:R-J6+0.5X-0.5NKD.data,6
S:BB3:R-J6+X-NKD.data,6
S:BB3:R-J6.data,6
S:BB3:R-TN+0.3B6.data,11
S:BB3:R-TN+0.5B6.data,11
S:BB3:R-TN+B6.data,11
S:BB3:R-TN.data,11
S:BB3:R-UB.data,11
S:BB3:R-US10Y+0.3B6.data,11
S:BB3:R-US10Y+0.5B6.data,11
S:BB3:R-US7Y+0.3B6.data,11
S:BB3:R-US7Y+0.5B6.data,11
S:BB3:R-X.data,11
S:BB3:R-ZB+0.3B6.data,11
S:BB3:R-ZB+0.5B6.data,11
S:BB3:R-ZB.data,11
S:BB3:R-ZF.data,13
S:BB3:R-ZN+0.3B6-0.3ES.data,11
S:BB3:R-ZN+0.3B6.data,11
S:BB3:R-ZN+0.5B6.data,11
S:BB3:R-ZN+0.75B6.data,11
S:BB3:R-ZN+B6.data,11
S:BB3:R-ZN.data,11
S:BB3:R.data,6
S:BB3:R6-Z6.data,15
S:BB3:RB-A6.data,6
S:BB3:RB-C6.data,6
S:BB3:RB-CL.data,6
S:BB3:RB-E6.data,6
S:BB3:RB-ES.data,6
S:BB3:RB-ESX.data,6
S:BB3:RB-GC.data,6
S:BB3:RB-HG.data,6
S:BB3:RB-HO.data,6
S:BB3:RB-M6.data,6
S:BB3:RB-N6.data,6
S:BB3:RB-OIL.data,6
S:BB3:RB-S6.data,6
S:BB3:RB-SI.data,6
S:BB3:RB-ZC.data,6
S:BB3:RB-ZW.data,6
S:BB3:RTY+ZB.data,6
S:BB3:RTY-ES.data,6
S:BB3:RTY-ESX.data,6
S:BB3:RTY-NKD.data,6
S:BB3:S6+ES.data,6
S:BB3:S6-0.33J6-0.67E6.data,6
S:BB3:S6-0.5J6-0.5E6.data,6
S:BB3:S6-0.67J6-0.33E6.data,6
S:BB3:S6-A6.data,6
S:BB3:S6-B6.data,6
S:BB3:S6-C6.data,6
S:BB3:S6-ES.data,6
S:BB3:SI+ES.data,8
S:BB3:SI+ICEDX.data,8
S:BB3:SI-A6.data,8
S:BB3:SI-B6.data,8
S:BB3:SI-C6.data,8
S:BB3:SI-CL.data,8
S:BB3:SI-E6.data,8
S:BB3:SI-ES.data,8
S:BB3:SI-GC.data,8
S:BB3:SI-HO.data,8
S:BB3:SI-M6.data,8
S:BB3:SI-N6.data,8
S:BB3:SI-NQ.data,8
S:BB3:SI-RB.data,8
S:BB3:SI-S6.data,8
S:BB3:SI-ZB.data,8
S:BB3:SI-ZN.data,8
S:BB3:SXF+0.5C6+0.5M6.data,11
S:BB3:SXF+0.5C6.data,11
S:BB3:SXF+C6.data,11
S:BB3:SXF+CGB-TS-YAP.data,11
S:BB3:SXF+CGB-ZN-ES.data,11
S:BB3:SXF+CGB.data,11
S:BB3:SXF-0.5CL-0.5C6.data,11
S:BB3:SXF-C6.data,11
S:BB3:SXF-CL.data,11
S:BB3:SXF-DF-0.3E6+0.3C6.data,11
S:BB3:SXF-DF-0.5E6+0.5C6.data,11
S:BB3:SXF-DF.data,11
S:BB3:SXF-ES+0.3C6.data,5
S:BB3:SXF-ES+0.5C6.data,5
S:BB3:SXF-ES.data,5
S:BB3:SXF-ESX+C6-E6.data,11
S:BB3:SXF-ESX-0.3C6+0.3E6.data,11
S:BB3:SXF-ESX-0.3E6+0.3C6.data,11
S:BB3:SXF-ESX-0.5C6+0.5E6.data,11
S:BB3:SXF-ESX-0.5E6+0.5C6.data,11
S:BB3:SXF-ESX-0.7E6.data,11
S:BB3:SXF-ESX-E6+C6.data,11
S:BB3:SXF-ESX.data,11
S:BB3:SXF-GC.data,11
S:BB3:SXF-HG+0.3C6.data,11
S:BB3:SXF-HG.data,11
S:BB3:SXF-HO.data,11
S:BB3:SXF-MX.data,11
S:BB3:SXF-NKD-0.3J6+0.3C6.data,11
S:BB3:SXF-NKD.data,11
S:BB3:SXF-NQ.data,11
S:BB3:SXF-OIL.data,11
S:BB3:SXF-RB.data,11
S:BB3:SXF-RTY.data,11
S:BB3:SXF-X-0.3B6+0.3C6.data,11
S:BB3:SXF-X-0.5B6+0.5C6.data,11
S:BB3:SXF-X.data,11
S:BB3:SXF-YAP+0.5A6-0.5C6.data,11
S:BB3:SXF-YAP.data,11
S:BB3:SXF-YM.data,11
S:BB3:TN-J6.data,8
S:BB3:TS+0.3A6.data,26
S:BB3:TS+0.5A6.data,26
S:BB3:TS+0.5YAP+0.3A6.data,26
S:BB3:TS+A6.data,26
S:BB3:TS+CL.data,26
S:BB3:TS+ES.data,26
S:BB3:TS+HG-GC+E6.data,26
S:BB3:TS+HG-GC+S6.data,26
S:BB3:TS+ICEDX.data,26
S:BB3:TS+NKD.data,26
S:BB3:TS+YAP+A6.data,26
S:BB3:TS+YAP-BT-NKD+A6-J6.data,26
S:BB3:TS+YAP-CGB-SXF.data,26
S:BB3:TS+YAP-ESX-GBL.data,26
S:BB3:TS+YAP-NKD-J6.data,26
S:BB3:TS+YAP-R-X.data,26
S:BB3:TS+YAP-ZN-ES.data,26
S:BB3:TS+YAP.data,26
S:BB3:TS-A6.data,26
S:BB3:TS-B6.data,26
S:BB3:TS-BT-0.5NKD+0.5YAP.data,26
S:BB3:TS-BT-NKD+YAP.data,26
S:BB3:TS-CGB+0.5YAP-0.5SXF.data,26
S:BB3:TS-CGB-0.3C6+0.3A6.data,26
S:BB3:TS-CGB-0.5C6+0.5A6.data,26
S:BB3:TS-CGB-C6+A6.data,26
S:BB3:TS-CGB.data,26
S:BB3:TS-CL.data,26
S:BB3:TS-E6.data,26
S:BB3:TS-GBL-0.3E6+0.3A6.data,26
S:BB3:TS-GBL-0.5E6+0.5A6.data,26
S:BB3:TS-GBL-0.75E6+0.3A6.data,26
S:BB3:TS-GBL-E6+A6.data,26
S:BB3:TS-GBL.data,26
S:BB3:TS-GBM-0.3E6+0.3A6.data,26
S:BB3:TS-GBM.data,26
S:BB3:TS-GBS.data,26
S:BB3:TS-GBX-0.3E6+0.3A6.data,26
S:BB3:TS-GBX-0.5E6+0.5A6.data,26
S:BB3:TS-GBX-E6+A6.data,26
S:BB3:TS-GBX.data,26
S:BB3:TS-GC.data,26
S:BB3:TS-J6+0.5YAP-0.5NKD.data,26
S:BB3:TS-J6.data,26
S:BB3:TS-N6.data,26
S:BB3:TS-OAT-0.3E6+0.3A6.data,26
S:BB3:TS-OAT-0.5MX+0.5YAP.data,26
S:BB3:TS-OAT-MX+YAP.data,26
S:BB3:TS-R+0.5YAP-0.5X.data,26
S:BB3:TS-R-0.3B6+0.3A6.data,26
S:BB3:TS-R-0.5B6+0.5A6.data,26
S:BB3:TS-R-0.75B6+0.3A6.data,26
S:BB3:TS-R-B6+A6.data,26
S:BB3:TS-R-YAP+X.data,26
S:BB3:TS-R.data,26
S:BB3:TS-S6.data,26
S:BB3:TS-TN+0.3A6.data,26
S:BB3:TS-TN.data,26
S:BB3:TS-UB+0.3A6.data,26
S:BB3:TS-UB+0.5A6.data,26
S:BB3:TS-UB.data,26
S:BB3:TS-US10Y+0.3A6.data,26
S:BB3:TS-US10Y+0.5A6.data,26
S:BB3:TS-US7Y+0.3A6.data,26
S:BB3:TS-US7Y+0.5A6.data,26
S:BB3:TS-YAP.data,26
S:BB3:TS-YS.data,26
S:BB3:TS-ZB+0.3A6.data,26
S:BB3:TS-ZB+0.5A6.data,26
S:BB3:TS-ZB+A6.data,26
S:BB3:TS-ZB.data,26
S:BB3:TS-ZF.data,26
S:BB3:TS-ZN+0.3A6-0.3ES.data,26
S:BB3:TS-ZN+0.3A6.data,26
S:BB3:TS-ZN+0.5A6.data,26
S:BB3:TS-ZN+0.7A6.data,26
S:BB3:TS-ZN+A6.data,26
S:BB3:TS-ZN.data,26
S:BB3:TS.data,26
S:BB3:UB+ES-CGB-SXF.data,16
S:BB3:UB-GBX.data,16
S:BB3:UB-R.data,16
S:BB3:US3Y-ZN-YS+TS.data,26
S:BB3:VS2+1.5ESX.data,55
S:BB3:VS2+2.0ESX.data,55
S:BB3:VS2_3+E6.data,55
S:BB3:VS3+1.5ESX.data,55
S:BB3:VS3+2.0ESX.data,55
S:BB3:VX+1.25ES.data,8
S:BB3:VX+1.5ES.data,8
S:BB3:VX+1.75ES.data,8
S:BB3:VX+2.0ES.data,8
S:BB3:VX+ES.data,8
S:BB3:VX+NQ.data,8
S:BB3:VX-VS-0.5ESX+0.5ES.data,31
S:BB3:VX-VS-ESX+ES.data,31
S:BB3:VX-VS.data,31
S:BB3:VX-ZB.data,31
S:BB3:VX2+1.5ES.data,11
S:BB3:VX2+2ES.data,11
S:BB3:VX2+ES.data,11
S:BB3:VX2-0.5VX-0.5VX3.data,21
S:BB3:VX2-VS2-0.3ESX+0.3ES.data,40
S:BB3:VX2-VS2-0.5ESX+0.5ES.data,40
S:BB3:VX2-VS2.data,40
S:BB3:VX2_1+VS1_2+0.5ESX.data,50
S:BB3:VX2_1+VS1_2+0.75ESX.data,50
S:BB3:VX2_1+VS1_2+ESX.data,50
S:BB3:VX2_1+VS1_2.data,50
S:BB3:VX2_1-1.25ES.data,50
S:BB3:VX2_1-1.5ES.data,50
S:BB3:VX2_1-1.75ES.data,50
S:BB3:VX2_1-1VX3_2.data,50
S:BB3:VX2_1-VS1_2.data,50
S:BB3:VX3+1.5ES.data,15
S:BB3:VX3+2ES.data,15
S:BB3:VX3+ES.data,15
S:BB3:VX3-VS3.data,45
S:BB3:VX3_1+VS1_3.data,100
S:BB3:VX3_1-1.5ES.data,20
S:BB3:VX3_1-1.75ES.data,20
S:BB3:VX3_1-2.0ES.data,20
S:BB3:VX3_1-2.25ES.data,20
S:BB3:VX3_1-VS1_3.data,66
S:BB3:VX3_2+VS2_3.data,66
S:BB3:VX3_2-VS2_3.data,66
S:BB3:VX4-VS4.data,66
S:BB3:VX4_2+VS2_4.data,66
S:BB3:VX4_2-VS2_4.data,66
S:BB3:VX4_3+VS3_4.data,66
S:BB3:VX4_3-VS3_4.data,66
S:BB3:X+0.5B6.data,6
S:BB3:X+B6.data,6
S:BB3:X+J6.data,6
S:BB3:X+R.data,6
S:BB3:X-A6.data,6
S:BB3:X-B6.data,6
S:BB3:X-C6.data,6
S:BB3:X-DF-0.3E6+0.3B6.data,6
S:BB3:X-DF-0.5E6+0.5B6.data,6
S:BB3:X-DF-E6+0.5B6.data,6
S:BB3:X-DF.data,6
S:BB3:X-ES+0.3B6.data,6
S:BB3:X-ES+0.5B6.data,6
S:BB3:X-ES+B6.data,6
S:BB3:X-ES.data,6
S:BB3:X-ESX-0.3E6+0.3B6.data,6
S:BB3:X-ESX-0.5E6+0.5B6.data,6
S:BB3:X-ESX.data,6
S:BB3:X-HG.data,6
S:BB3:X-MX-0.5E6+0.5B6.data,6
S:BB3:X-MX.data,6
S:BB3:X-NKD-0.3J6+0.3B6.data,6
S:BB3:X-NKD-0.5J6+0.5B6.data,6
S:BB3:X-NKD-J6+B6.data,6
S:BB3:X-NKD.data,6
S:BB3:X-NQ.data,6
S:BB3:X-RTY.data,6
S:BB3:X-SXF-0.3C6+0.3B6.data,6
S:BB3:X-YM.data,6
S:BB3:X.data,6
S:BB3:XBT.data,10
S:BB3:XXP-ES.data,20
S:BB3:YAP+0.5A6.data,8
S:BB3:YAP+0.5C6.data,8
S:BB3:YAP+J6.data,8
S:BB3:YAP-A6.data,8
S:BB3:YAP-B6.data,8
S:BB3:YAP-C6.data,8
S:BB3:YAP-CL.data,8
S:BB3:YAP-DF-0.5E6+0.5A6.data,8
S:BB3:YAP-DF.data,8
S:BB3:YAP-ES+0.3A6.data,8
S:BB3:YAP-ES+0.5A6.data,8
S:BB3:YAP-ES.data,8
S:BB3:YAP-ESX-0.3E6+0.3A6.data,8
S:BB3:YAP-ESX-0.5E6+0.5A6.data,8
S:BB3:YAP-ESX.data,8
S:BB3:YAP-HO.data,8
S:BB3:YAP-M6.data,8
S:BB3:YAP-MX-0.5E6+0.5A6.data,8
S:BB3:YAP-MX.data,8
S:BB3:YAP-NKD-0.3J6+0.3A6.data,8
S:BB3:YAP-NKD-0.75J6+0.75A6.data,8
S:BB3:YAP-NKD.data,8
S:BB3:YAP-NQ.data,8
S:BB3:YAP-RTY.data,8
S:BB3:YAP-SI.data,8
S:BB3:YAP-SXF-0.33A6+0.33C6.data,8
S:BB3:YAP-SXF-0.3C6+0.3A6.data,8
S:BB3:YAP-SXF-0.67A6+0.67C6.data,8
S:BB3:YAP-SXF-A6+C6.data,8
S:BB3:YAP-SXF.data,8
S:BB3:YAP-X-0.3B6+0.3A6.data,8
S:BB3:YAP-X.data,8
S:BB3:YAP-YM.data,8
S:BB3:YM-ES.data,5
S:BB3:YS+HG.data,41
S:BB3:YS-0.5GBM-0.5ZF.data,41
S:BB3:YS-CGB.data,41
S:BB3:YS-GBL.data,41
S:BB3:YS-GBM-0.3E6+0.3A6.data,41
S:BB3:YS-GBM-0.5E6+0.5A6.data,41
S:BB3:YS-GBM.data,41
S:BB3:YS-GBS-0.3E6+0.3A6.data,41
S:BB3:YS-GBS-0.5E6+0.5A6.data,41
S:BB3:YS-GBS.data,41
S:BB3:YS-J6.data,41
S:BB3:YS-R.data,41
S:BB3:YS-TS.data,41
S:BB3:YS-US2Y+0.3A6.data,41
S:BB3:YS-US2Y+0.5A6.data,41
S:BB3:YS-US3Y+0.3A6.data,41
S:BB3:YS-US3Y+0.5A6.data,41
S:BB3:YS-US3Y.data,41
S:BB3:YS-ZF+0.3A6.data,41
S:BB3:YS-ZF+0.5A6.data,41
S:BB3:YS-ZF.data,41
S:BB3:YS-ZN.data,41
S:BB3:YS-ZT+0.3A6.data,41
S:BB3:YS-ZT+0.5A6.data,41
S:BB3:YS-ZT.data,41
S:BB3:ZB+ES-CGB-SXF.data,11
S:BB3:ZB+ES.data,11
S:BB3:ZB+RTY-GBL-DF.data,11
S:BB3:ZB+RTY-R-X.data,11
S:BB3:ZB-0.5GC-0.5J6.data,11
S:BB3:ZB-E6.data,11
S:BB3:ZB-GBL-0.3E6.data,11
S:BB3:ZB-GBL-0.5E6.data,11
S:BB3:ZB-GBL.data,11
S:BB3:ZB-GBX-0.5E6.data,11
S:BB3:ZB-GBX.data,11
S:BB3:ZB-ICEDX.data,11
S:BB3:ZB-J6.data,11
S:BB3:ZC-C6.data,20
S:BB3:ZC-ZC4-ZM+ZM4.data,26
S:BB3:ZC-ZS.data,25
S:BB3:ZC-ZW.data,25
S:BB3:ZF+ES.data,13
S:BB3:ZF-GBL.data,13
S:BB3:ZF-GBM.data,13
S:BB3:ZF-J6.data,13
S:BB3:ZF-N6.data,13
S:BB3:ZF-R.data,13
S:BB3:ZF-S6.data,13
S:BB3:ZF-ZB+0.3ES.data,16
S:BB3:ZF-ZB+ES.data,16
S:BB3:ZF-ZB-0.33VX.data,18
S:BB3:ZF-ZB-0.33VX2.data,18
S:BB3:ZF-ZB-0.5ICEDX.data,18
S:BB3:ZF-ZB-0.5VX.data,18
S:BB3:ZF-ZB-0.5VX2.data,18
S:BB3:ZF-ZB-0.65CL.data,18
S:BB3:ZF-ZB-0.75VX.data,18
S:BB3:ZF-ZB-0.75VX2.data,18
S:BB3:ZF-ZB-GBM+GBX.data,18
S:BB3:ZL-ZM.data,10
S:BB3:ZN+0.5ES-TS-0.5YAP.data,11
S:BB3:ZN+A6.data,11
S:BB3:ZN+C6.data,11
S:BB3:ZN+CL.data,11
S:BB3:ZN+E6.data,11
S:BB3:ZN+ES+0.33VX.data,11
S:BB3:ZN+ES+0.5VX.data,11
S:BB3:ZN+ES+VX.data,11
S:BB3:ZN+ES+VX2.data,11
S:BB3:ZN+ES-0.3GC.data,11
S:BB3:ZN+ES-0.5CGB-0.5SXF.data,11
S:BB3:ZN+ES-1.5CGB-1.5SXF.data,11
S:BB3:ZN+ES-BT-NKD-E6-J6.data,11
S:BB3:ZN+ES-BT-NKD-GC-J6.data,11
S:BB3:ZN+ES-CGB-SXF-E6-C6.data,11
S:BB3:ZN+ES-CGB-SXF-GC-C6.data,11
S:BB3:ZN+ES-CGB-SXF.data,11
S:BB3:ZN+ES-E6.data,11
S:BB3:ZN+ES-GBL-DF.data,11
S:BB3:ZN+ES-GBL-ESX-2.0E6.data,11
S:BB3:ZN+ES-GBL-ESX-GC-E6.data,11
S:BB3:ZN+ES-GBL-ESX.data,11
S:BB3:ZN+ES-GC.data,11
S:BB3:ZN+ES-J6-NKD.data,11
S:BB3:ZN+ES-R-DF.data,11
S:BB3:ZN+ES-R-X-E6-B6.data,11
S:BB3:ZN+ES-R-X-GC-B6.data,11
S:BB3:ZN+ES-R-X.data,11
S:BB3:ZN+ES-TS-YAP-E6-A6.data,11
S:BB3:ZN+ES-TS-YAP-GC-A6.data,11
S:BB3:ZN+ES-TS-YAP.data,11
S:BB3:ZN+ES.data,11
S:BB3:ZN+HG.data,11
S:BB3:ZN+ICEDX.data,11
S:BB3:ZN+NQ.data,11
S:BB3:ZN+RB.data,11
S:BB3:ZN+SI.data,11
S:BB3:ZN+YM.data,11
S:BB3:ZN-0.5GC+0.5ES.data,11
S:BB3:ZN-0.5GC+0.5J6.data,11
S:BB3:ZN-0.5GC-0.5J6.data,11
S:BB3:ZN-A6.data,11
S:BB3:ZN-CGB+0.5ES-0.5SXF.data,11
S:BB3:ZN-E6.data,11
S:BB3:ZN-ES.data,11
S:BB3:ZN-GBL-0.3E6.data,11
S:BB3:ZN-GBL-0.5E6.data,11
S:BB3:ZN-GBL-E6.data,11
S:BB3:ZN-GBL-ESX-GC-E6.data,11
S:BB3:ZN-GBL.data,11
S:BB3:ZN-GBM.data,11
S:BB3:ZN-GBX.data,11
S:BB3:ZN-ICEDX.data,11
S:BB3:ZN-J6+0.5ES-0.5NKD.data,11
S:BB3:ZN-J6.data,11
S:BB3:ZN-N6.data,11
S:BB3:ZN-R+0.5ES-0.5X.data,11
S:BB3:ZN-R-0.3B6.data,11
S:BB3:ZN-R-B6.data,11
S:BB3:ZN-R.data,11
S:BB3:ZN-S6.data,11
S:BB3:ZN-TS+0.5ES-0.5YAP.data,11
S:BB3:ZN-VX.data,11
S:BB3:ZN-ZB+0.3ES.data,18
S:BB3:ZN-ZB-0.33VX.data,18
S:BB3:ZN-ZB-0.33VX2.data,18
S:BB3:ZN-ZB-0.5VX.data,18
S:BB3:ZN-ZB-0.5VX2.data,18
S:BB3:ZN-ZB-0.75VX.data,18
S:BB3:ZN-ZB-0.75VX2.data,18
S:BB3:ZN-ZB-GBL+GBX.data,18
S:BB3:ZN.data,11
S:BB3:ZS-0.67ZM-0.33ZL.data,16
S:BB3:ZS-C6.data,16
S:BB3:ZS-ZC.data,16
S:BB3:ZS-ZM.data,16
S:BB3:ZS-ZW.data,16
S:BB3:ZT+C6.data,36
S:BB3:ZT+ES.data,36
S:BB3:ZT-R.data,36
S:BB3:ZT-ZF-GBS+GBM.data,36
S:BB3:ZW-A6.data,16
S:BB3:ZW-C6.data,16
S:BB3:ZW-E6.data,16
S:BB3:ZW-M6.data,16
S:BB3:ZW-N6.data,16
